,label,x,y
0,offentlig,27.223867416381836,-35.67557907104492
1,åre,27.95639991760254,-36.853450775146484
2,pct,31.353647232055664,-35.914695739746094
3,grønland,32.71828079223633,-35.96857833862305
4,fiskeri,31.589021682739258,-36.33576202392578
5,figur,32.76886749267578,-36.17348098754883
6,økonomisk,25.242788314819336,-36.0086555480957
7,udvikling,25.504236221313477,-36.42416000366211
8,land,32.59062957763672,-36.159507751464844
9,person,30.945966720581055,-35.94364547729492
10,stige,27.42521095275879,-36.52239990234375
11,finanser,19.889421463012695,-36.79645538330078
12,øge,31.392728805541992,-36.4140625
13,statistik,30.96660804748535,-35.664588928222656
14,falde,24.77706527709961,-36.790550231933594
15,forholde,29.177780151367188,-36.24763870239258
16,krone,31.927427291870117,-35.73457336425781
17,uddannelse,26.5467586517334,-37.07868957519531
18,økonomi,27.861019134521484,-36.033329010009766
19,del,31.412851333618164,-36.242897033691406
20,samle,20.41673469543457,-36.9742546081543
21,stor,28.540424346923828,-36.2743034362793
22,folkeskole,33.245513916015625,-36.42991256713867
23,antal,31.852197647094727,-36.03976058959961
24,aktivitet,29.67814826965332,-36.30065155029297
25,beskæftigelse,27.321224212646484,-36.331565856933594
26,udgift,29.467056274414062,-36.18789291381836
27,prise,19.056137084960938,-37.52360534667969
28,befolkning,23.822195053100586,-36.91127395629883
29,kilde,24.325897216796875,-37.40040969848633
30,både,26.80899429321289,-36.43815612792969
31,behov,32.13255310058594,-36.38739013671875
32,forslag,32.887943267822266,-36.47651290893555
33,problem,32.31787872314453,-36.4000358581543
34,sundhedsudgift,29.891616821289062,-36.07865905761719
35,sikre,32.43597412109375,-36.43490219116211
36,uddannelsesniveau,26.918567657470703,-37.02275466918945
37,visere,22.975257873535156,-36.84801483154297
38,politisk,30.42921257019043,-36.35540771484375
39,effekt,27.048965454101562,-36.07184982299805
40,ung,30.441232681274414,-35.94059371948242
41,mio,11.653240203857422,-37.134422302246094
42,betydning,15.554134368896484,-37.73196029663086
43,høj,27.846084594726562,-36.46115493774414
44,aktuel,25.356271743774414,-36.050743103027344
45,periode,24.458633422851562,-36.569236755371094
46,følge,21.83734130859375,-36.83888626098633
47,indkomst,25.841571807861328,-36.58151626586914
48,område,31.101205825805664,-36.32011413574219
49,selvstyre,30.749523162841797,-36.340484619140625
50,indtægt,21.24847412109375,-36.78829574584961
51,politik,17.48735237121582,-36.97306442260742
52,mulighed,29.915390014648438,-36.3066291809082
53,fremgang,14.65091323852539,-37.85127258300781
54,højere,21.537025451660156,-37.073028564453125
55,niveau,28.542537689208984,-36.31899642944336
56,arbejdskraft,33.444400787353516,-36.52398681640625
57,reformere,23.41922378540039,-36.5853385925293
58,stort,23.714601516723633,-36.64796447753906
59,grønlandsk,27.93941879272461,-36.37589645385742
60,række,24.853008270263672,-36.57861328125
61,andel,13.20030689239502,-37.57418441772461
62,investering,24.838863372802734,-36.49317169189453
63,afgøre,19.342952728271484,-37.0454216003418
64,forvente,26.313871383666992,-36.409751892089844
65,knytte,20.731281280517578,-36.921875
66,kommune,21.455583572387695,-36.80741882324219
67,krav,23.825611114501953,-36.56327438354492
68,vente,16.653728485107422,-37.54104995727539
69,påvirke,27.02360725402832,-36.30862045288086
70,økonomisk råde,25.947214126586914,-36.33723449707031
71,rapport,17.929996490478516,-36.65290832519531
72,samtidig,19.366172790527344,-37.20664978027344
73,erhverve,29.43059730529785,-36.250545501708984
74,bidrage,15.664361000061035,-37.71693801879883
75,cirka,11.574387550354004,-37.84169387817383
76,risiko,22.218772888183594,-36.79444122314453
77,hvilken,12.234522819519043,-38.11090850830078
78,lokalitet,25.379465103149414,-36.83255386352539
79,ske,21.935997009277344,-36.90510177612305
80,væsentlig,15.431675910949707,-37.75514602661133
81,fangst,13.21055793762207,-38.3740119934082
82,lufthavn,26.397062301635742,-36.244441986083984
83,holdbarhed,18.5214786529541,-37.240447998046875
84,by,20.630878448486328,-37.10434341430664
85,fremskrivning,4.731906890869141,-38.54747772216797
86,social,18.026138305664062,-37.49757766723633
87,måned,14.500670433044434,-37.851139068603516
88,ændring,19.11115074157715,-37.17597198486328
89,nuuk,26.769577026367188,-36.20608901977539
90,situation,11.658583641052246,-38.34465789794922
91,sen,13.661534309387207,-37.78355407714844
92,ny,22.305381774902344,-36.828147888183594
93,forbruge,11.069141387939453,-37.97731399536133
94,lavere,13.900979995727539,-37.942710876464844
95,fremme,15.80597972869873,-37.702789306640625
96,årig,9.506406784057617,-38.03819274902344
97,især,11.953941345214844,-38.17586135864258
98,mindske,19.346689224243164,-37.12484359741211
99,øvrig,15.140167236328125,-37.77663803100586
100,ydelse,12.765192031860352,-37.766170501708984
101,forme,21.683767318725586,-36.892967224121094
102,sundhedsvæsen,18.384183883666992,-37.401954650878906
103,gammel,7.0876240730285645,-38.78128433227539
104,imidlertid,10.259934425354004,-38.56144332885742
105,se,5.370007038116455,-39.01862335205078
106,omfang,16.625701904296875,-37.56895065307617
107,økonomisk råd,7.524500846862793,-38.132423400878906
108,arbejde,20.57703399658203,-37.05315017700195
109,per,12.977239608764648,-37.887664794921875
110,vækste,7.592765808105469,-38.73666000366211
111,vurdere,11.562019348144531,-38.33613967895508
112,udsving,-9.971360206604004,-36.93648910522461
113,konsekvens,12.897415161132812,-38.13570022583008
114,barn,17.123876571655273,-37.756412506103516
115,note,10.29641342163086,-38.047550201416016
116,samfund,3.836209774017334,-38.937198638916016
117,turisme,13.482872009277344,-38.05852127075195
118,arbejdsmarked,6.802465915679932,-38.77775573730469
119,overskud,4.535634994506836,-39.07404708862305
120,hellefisk,-2.019411563873291,-38.45055389404297
121,fiske,4.153666973114014,-39.30447006225586
122,danmark,19.71413803100586,-37.2414665222168
123,projekt,18.193395614624023,-37.405025482177734
124,reje,-1.544012188911438,-38.522769927978516
125,styrke,2.8847155570983887,-39.0639533996582
126,privat,-0.5376008749008179,-39.30219268798828
127,betydelig,10.637742042541504,-38.464332580566406
128,teknisk,19.62444496154785,-36.21722412109375
129,tal,10.062085151672363,-38.12874984741211
130,positiv,-10.746925354003906,-37.02703857421875
131,vurdering,4.750062942504883,-38.940433502197266
132,naalakkersuisutte,12.809375762939453,-38.350460052490234
133,god,12.866897583007812,-38.168148040771484
134,mv,17.372835159301758,-37.488033294677734
135,medlem,18.473604202270508,-37.01817321777344
136,sigte,0.5393775105476379,-39.10513687133789
137,ændre,9.261632919311523,-38.602325439453125
138,skyldes,-2.271068811416626,-38.91728973388672
139,giver,1.7667772769927979,-39.11692428588867
140,udfordring,11.24113655090332,-38.401649475097656
141,gælde,4.426741123199463,-38.90641784667969
142,særlig,9.697697639465332,-38.49034118652344
143,sektor,3.611082077026367,-38.913612365722656
144,skat,7.896435737609863,-38.67853927612305
145,selskab,17.24073600769043,-37.47993087768555
146,gode,-1.7529178857803345,-39.10013961791992
147,virksomhed,13.854181289672852,-37.998207092285156
148,generel,10.927053451538086,-38.349090576171875
149,enkelt,9.981935501098633,-38.629981994628906
150,dag,5.560785293579102,-38.90544509887695
151,fremtidig,2.0076966285705566,-39.123294830322266
152,gennemføre,0.9956930875778198,-39.10657501220703
153,sådan,5.880735874176025,-38.89711380004883
154,presse,-9.160402297973633,-37.18931198120117
155,gunstig,-10.321091651916504,-36.914207458496094
156,uddannelsessystem,10.157225608825684,-38.5300407409668
157,rådgivning,7.527229309082031,-38.79824447631836
158,reducere,3.4555349349975586,-39.087345123291016
159,kvartal,-8.559410095214844,-38.1252555847168
160,stigning,-0.9667375683784485,-38.89273452758789
161,gange,9.30196475982666,-38.48390197753906
162,markant,-11.582671165466309,-36.994720458984375
163,fortsat,-15.114853858947754,-35.249324798583984
164,forskellig,9.51711654663086,-38.59297180175781
165,basere,1.3673521280288696,-39.115291595458984
166,ressource,5.1788177490234375,-38.95431900024414
167,baggrundsnotat,5.916059494018555,-38.13932800292969
168,år,-4.137218475341797,-38.774635314941406
169,betyde,5.254318714141846,-38.90205383300781
170,kvote,2.990278720855713,-39.310081481933594
171,bloktilskud,-3.0552120208740234,-38.84943771362305
172,fremlægge,-5.104114055633545,-38.84733581542969
173,beregning,-0.04853331670165062,-39.02658462524414
174,usikkerhed,-1.2530500888824463,-39.085479736328125
175,central,-3.3940775394439697,-38.92756271362305
176,anlægsinvestering,-9.418220520019531,-37.15023422241211
177,afsnit,-16.791568756103516,-34.326332092285156
178,vigtigt,-5.220860004425049,-38.403499603271484
179,arbejdsstyrke,-15.561161994934082,-34.93159103393555
180,yderligere,-6.5764594078063965,-38.149452209472656
181,resultat,8.60886287689209,-38.57994842529297
182,mængde,-29.934797286987305,-27.024581909179688
183,give,3.398777723312378,-39.116477966308594
184,negativ,-16.829669952392578,-34.62913513183594
185,vækstplan,-8.226442337036133,-37.13276290893555
186,formandskab,-1.9697506427764893,-39.694854736328125
187,beskeden,-9.92293643951416,-37.272682189941406
188,arbejdssøgende,-25.867319107055664,-30.39759063720703
189,hele,-20.273954391479492,-32.59402084350586
190,konkret,-4.159420967102051,-38.909515380859375
191,elevere,6.742889404296875,-38.81425857543945
192,holdbarhedsproblem,-22.344003677368164,-31.583084106445312
193,fordele,-9.410581588745117,-37.943023681640625
194,selvbærende,-22.452987670898438,-32.049964904785156
195,tilskud,-5.059500694274902,-38.609188079833984
196,muligt,-1.4012892246246338,-39.03339385986328
197,direkte,-4.121817588806152,-38.60078048706055
198,hensigtsmæssig,2.264542579650879,-39.170555114746094
199,grundlag,-11.805729866027832,-36.55963134765625
200,konjunktur,-26.328229904174805,-29.324176788330078
201,bygge,-18.914634704589844,-33.405086517333984
202,art,-18.461421966552734,-33.716758728027344
203,opnå,-4.723644256591797,-38.83103942871094
204,landskasse,-19.61651611328125,-33.49858474731445
205,bnp,-31.265533447265625,-23.708545684814453
206,vækst,-16.80842399597168,-34.61988830566406
207,ligge,-8.947274208068848,-37.74113082885742
208,arbejdsløshed,-47.63060760498047,8.03590202331543
209,aktiv,-1.3568660020828247,-39.161746978759766
210,incitament,-20.842876434326172,-32.42921447753906
211,forbedring,-27.47060775756836,-28.005605697631836
212,international,-9.410918235778809,-37.79458999633789
213,ungdomsuddannelse,2.3102164268493652,-38.79924392700195
214,nødvendig,-10.826986312866211,-37.029998779296875
215,elev,3.1877145767211914,-38.87160110473633
216,samfundsøkonomisk,-4.705235481262207,-38.41458511352539
217,kvalifikation,-4.159648895263672,-38.199378967285156
218,første,-12.6179838180542,-36.356082916259766
219,reform,-3.199784278869629,-38.8568000793457
220,millimeter,-2.971881628036499,-38.880592346191406
221,tag,-8.565043449401855,-37.69183349609375
222,blive,-12.867257118225098,-36.28348922729492
223,udland,-11.386621475219727,-36.81368637084961
224,behandling,2.1529712677001953,-39.270263671875
225,sammenhæng,-1.6129060983657837,-39.069950103759766
226,tæt,-11.47836971282959,-36.728126525878906
227,finanslov,-34.5342903137207,-22.03805160522461
228,policy,8.557499885559082,-38.62556076049805
229,udgøre,-32.336456298828125,-24.10242462158203
230,oecd,-0.057675912976264954,-39.06304931640625
231,foretage,-15.94273853302002,-34.95081329345703
232,tonse,-30.624509811401367,-26.707975387573242
233,dansk,-5.827757358551025,-38.292903900146484
234,tid,-14.405501365661621,-35.631290435791016
235,bygd,-5.220128536224365,-38.222755432128906
236,grade,-22.582456588745117,-31.24616241455078
237,umiddelbar,-9.185872077941895,-37.31611251831055
238,folketal,-35.89468765258789,-19.320199966430664
239,tegne,-15.240227699279785,-35.31759262084961
240,forskel,-15.287947654724121,-35.28805923461914
241,registrere,-43.50163650512695,-10.967363357543945
242,analysere,-18.03655433654785,-33.950531005859375
243,ilulissætte,-7.378050327301025,-37.94864273071289
244,komme,-6.614899635314941,-38.1513786315918
245,føde,-35.444908142089844,-20.417455673217773
246,kræve,-11.962484359741211,-36.5285758972168
247,afhængig,-16.193098068237305,-34.855674743652344
248,året,-25.022151947021484,-29.928504943847656
249,opfylde,-3.5822861194610596,-38.505943298339844
250,gradvis,-12.28159236907959,-36.5872802734375
251,forudsætning,-25.375778198242188,-29.793743133544922
252,stat,-4.916604042053223,-38.46124267578125
253,årrække,-17.41748809814453,-34.18605041503906
254,årlig,-24.417186737060547,-30.21786117553711
255,støtte,-7.0103983879089355,-38.04901123046875
256,langsigtet,-17.80049705505371,-34.084144592285156
257,faglig,-20.17363166809082,-33.523380279541016
258,målsætning,-20.093299865722656,-32.94859313964844
259,afgangsprøve,-10.118354797363281,-37.80120086669922
260,vigtig,-25.169797897338867,-29.739309310913086
261,forudsætte,-0.919146716594696,-39.026668548583984
262,tilsvarende,-12.697357177734375,-36.341835021972656
263,provenu,-26.206735610961914,-28.16746711730957
264,begrænse,-19.582109451293945,-33.0288200378418
265,gennemsnit,-40.947120666503906,-12.289612770080566
266,sårbarhed,-26.26430892944336,-28.783655166625977
267,formand,2.1496121883392334,-39.29917526245117
268,egne,-34.49850082397461,-20.750879287719727
269,fremadrettet,-38.15231704711914,-17.248455047607422
270,understrege,-37.46620178222656,-17.594995498657227
271,sammenligne,-27.929346084594727,-27.693864822387695
272,udpege,-8.4802885055542,-37.67850112915039
273,endelig,-7.602338790893555,-37.9088249206543
274,klare,-14.825584411621094,-35.40525436401367
275,rådighedsbeløb,-24.748044967651367,-29.495153427124023
276,uddannelsesområde,-13.160688400268555,-36.16579818725586
277,hjælp,-16.099666595458984,-35.04464340209961
278,bruge,-24.200340270996094,-30.335371017456055
279,demografisk,-15.067388534545898,-35.57594680786133
280,få,-16.426362991333008,-34.68210220336914
281,førtidspension,-17.08061408996582,-34.68008041381836
282,hensyn,-19.291852951049805,-33.32398223876953
283,bestå,-21.313676834106445,-32.91032791137695
284,kvt,-33.482357025146484,-20.932920455932617
285,tilfælde,-36.664100646972656,-19.03370475769043
286,initiativ,-20.073226928710938,-32.94099426269531
287,tiltag,-12.143489837646484,-36.56258010864258
288,betydeligt,-40.00040817260742,-14.465368270874023
289,skab,-36.83797836303711,-18.99837875366211
290,langt,-19.424551010131836,-32.988040924072266
291,fremgå,-33.65633010864258,-22.4813175201416
292,klasse,-2.4195845127105713,-38.91570281982422
293,mangel,-29.468143463134766,-25.781234741210938
294,velstand,-29.03133773803711,-26.84197235107422
295,indeholde,-20.33967399597168,-33.0435905456543
296,tale,-22.365089416503906,-31.515703201293945
297,coronakrise,-30.376571655273438,-25.684925079345703
298,ordning,-21.881196975708008,-31.8284912109375
299,grunde,-25.68903160095215,-29.38640022277832
300,løs,-33.81226348876953,-23.072603225708008
301,gennemsnitlig,-31.342641830444336,-24.287403106689453
302,svær,-13.779275894165039,-35.916019439697266
303,global,-21.513341903686523,-32.02711868286133
304,korte,-36.02376937866211,-19.896011352539062
305,budgetlov,-32.3926887512207,-23.724403381347656
306,ledig,-20.296951293945312,-32.28451919555664
307,ledighed,-40.875125885009766,-13.543424606323242
308,udvinding,-3.8069396018981934,-38.640045166015625
309,plane,-32.654518127441406,-24.07203483581543
310,regel,-19.651533126831055,-32.99070358276367
311,eksport,-43.171852111816406,-10.164676666259766
312,udlåne,-35.347408294677734,-20.53375816345215
313,konjunkturudsigt,-19.226654052734375,24.60850715637207
314,afspejle,-41.28973388671875,-12.575655937194824
315,projektere,-10.530217170715332,-37.16664505004883
316,nordisk,-46.29684066772461,-0.15720941126346588
317,udgangspunkt,-32.79786682128906,-23.179853439331055
318,plan,-21.642038345336914,-32.161895751953125
319,potentiel,-19.55038833618164,-32.681396484375
320,diskussion,-29.715957641601562,-26.404830932617188
321,departement,-9.0980806350708,-37.55281066894531
322,erhvervsgrundlag,-32.11347579956055,-24.63507652282715
323,dasaldo,-43.63776397705078,-6.8411383628845215
324,beskatning,-14.63569164276123,-35.529144287109375
325,skabe,-38.32118225097656,-17.035499572753906
326,briefe,-9.11204719543457,-36.61170959472656
327,råstof,-16.866130828857422,-34.35661697387695
328,uddannelsesforløb,2.2210214138031006,-38.87015151977539
329,ofte,-21.29079246520996,-32.139495849609375
330,takt,-26.589385986328125,-28.635202407836914
331,indgå,-30.18287467956543,-25.65849494934082
332,anlæg,-25.834707260131836,-28.92560386657715
333,beskæftigelsesfradrag,-20.1512393951416,-33.272464752197266
334,lavt,-30.873823165893555,-24.734294891357422
335,strukturel,-41.90800857543945,-12.481027603149414
336,torsk,-43.6187629699707,21.769676208496094
337,overveje,-28.762187957763672,-26.915935516357422
338,sætte,-28.006698608398438,-27.67547607421875
339,udenlandsk,-23.35710334777832,-30.897846221923828
340,reduktion,-37.238426208496094,-18.265207290649414
341,afhænge,-27.41905403137207,-28.07636260986328
342,geografisk,-36.736324310302734,-19.74163055419922
343,tendens,-40.46302795410156,-13.484936714172363
344,problematisk,-37.52024459838867,-18.92424774169922
345,fisker,-38.050384521484375,-18.240604400634766
346,går,-23.795942306518555,-30.620803833007812
347,pege,-30.575153350830078,-25.657976150512695
348,forbedre,-28.759199142456055,-27.2495059967041
349,mobilitet,-37.9706916809082,-17.94757080078125
350,balance,-43.608768463134766,20.606538772583008
351,løbende,-31.922927856445312,-24.218791961669922
352,proces,-34.24020004272461,-22.70598030090332
353,måde,-30.878952026367188,-25.494157791137695
354,biologisk,-31.799518585205078,-25.011531829833984
355,svag,-23.502172470092773,-30.778860092163086
356,skaldyr,-38.26494598388672,24.9551944732666
357,løsning,-29.04633903503418,-26.932899475097656
358,indikator,-23.379873275756836,-30.833250045776367
359,rette,-34.31190490722656,-21.910085678100586
360,trække,-24.89113998413086,-29.824228286743164
361,fuldføre,-46.16883087158203,10.879556655883789
362,særligt,-41.9918098449707,-11.264636039733887
363,medvirke,-37.08884811401367,-18.028581619262695
364,tværs,-45.25175476074219,-4.863836765289307
365,værdi,-31.807212829589844,-24.589418411254883
366,indebære,-32.68953323364258,-23.720123291015625
367,afgifte,-46.99306869506836,0.29477474093437195
368,råd,-26.33219337463379,-29.679710388183594
369,effektivitet,-32.83856201171875,-23.255754470825195
370,indsats,-39.001888275146484,-15.878227233886719
371,uændret,-27.1001033782959,-28.23760986328125
372,erfaring,-26.859832763671875,-28.493112564086914
373,endvidere,-27.342971801757812,-28.26226806640625
374,renoveringsfond,-33.56624984741211,-22.41502571105957
375,skønne,-42.0843505859375,-10.005258560180664
376,fastsætte,-31.20836639404297,-25.178926467895508
377,observation,-45.8294677734375,12.579557418823242
378,velkendt,-43.90507507324219,-7.7780232429504395
379,kvotere,-31.393253326416016,-25.036418914794922
380,greenland,-9.760454177856445,-37.44148254394531
381,nær,-21.06348991394043,-32.28559494018555
382,årsag,-46.11045455932617,-2.7886643409729004
383,opgørelse,-37.79303741455078,-16.983741760253906
384,klart,-34.152347564697266,-22.0565128326416
385,spørgsmål,-28.396595001220703,-27.318706512451172
386,realvækst,-37.438720703125,-18.652162551879883
387,omfatte,-26.869123458862305,-28.658815383911133
388,besparelse,-39.48344039916992,-15.275918006896973
389,lange,-43.00819778442383,-9.57148265838623
390,afkast,-39.489906311035156,-15.226339340209961
391,analyse,-36.79792785644531,-19.274925231933594
392,kriterie,-21.417253494262695,-31.64140510559082
393,størrelse,-30.708559036254883,-25.196746826171875
394,enlig,-25.0484619140625,-29.0804386138916
395,aflede,-41.5490608215332,-12.41608715057373
396,rapportere,-33.92784881591797,-22.24340057373047
397,stille,-38.67949295043945,-16.800758361816406
398,såkaldt,-33.201904296875,-23.166168212890625
399,have,-47.69194793701172,9.562973976135254
400,overstige,-44.203468322753906,-8.261724472045898
401,stå,-36.28287124633789,-19.51226043701172
402,trodse,-45.46601104736328,-4.267190933227539
403,opgøre,-40.69159698486328,-12.961533546447754
404,anlægge,-38.64873123168945,-16.16582489013672
405,fokus,-47.62212371826172,5.042257785797119
406,bred,-45.092681884765625,-6.31370210647583
407,finde,-38.853843688964844,-16.29867935180664
408,erhvervsudvikling,-44.19935607910156,-6.424709796905518
409,regional,-42.73388671875,-9.714194297790527
410,dække,-41.955833435058594,-11.602665901184082
411,kystnær,-46.99119186401367,3.8386378288269043
412,befolkningsudvikling,-46.95532989501953,2.2525815963745117
413,tilbagegang,-34.32759475708008,27.07872200012207
414,svare,-45.70746612548828,18.75098419189453
415,givet,-43.4366569519043,-8.946019172668457
416,stede,-37.752845764160156,-17.16700553894043
417,administration,-23.899494171142578,-30.551362991333008
418,omkostning,-45.704837799072266,-3.068129777908325
419,selvstyreejet,-38.6146240234375,-17.519237518310547
420,byggeri,-47.373836517333984,1.221680998802185
421,ffle,-41.46160888671875,-12.977840423583984
422,årgang,-43.849884033203125,-5.9824957847595215
423,foreløbig,-44.96935272216797,-3.6267452239990234
424,mulig,-33.0318489074707,-23.504070281982422
425,retning,-44.863887786865234,-5.867440700531006
426,uddanne,-36.38028335571289,-18.776405334472656
427,underskud,-47.356849670410156,4.021606922149658
428,prøveresultat,-29.16727066040039,-26.183473587036133
429,faste,-43.41413879394531,-8.25162410736084
430,forvaltning,-44.84893035888672,-6.279193878173828
431,videre,-40.818206787109375,-12.560867309570312
432,alder,-47.39606857299805,2.617060422897339
433,studerende,-27.31922149658203,-28.913175582885742
434,nogenlunde,-44.362281799316406,-6.005385398864746
435,finanslovsforslag,-47.25678253173828,4.364541530609131
436,nuværende,-40.30288314819336,-14.2244234085083
437,stabil,-47.16214370727539,14.313850402832031
438,brobygningsforløb,-28.89078140258789,-26.62895393371582
439,indbygger,-47.87836456298828,3.656996250152588
440,finanspolitisk holdbarhed,-47.51241683959961,-0.8050156235694885
441,alderspension,-46.056575775146484,-5.600949287414551
442,finansiering,-47.00190353393555,0.7090404629707336
443,desuden,-42.41999053955078,-9.706991195678711
444,indeks,-47.65744400024414,5.588683605194092
445,vigtigste,-20.863300323486328,22.500059127807617
446,bæredygtig,-41.62433624267578,23.201255798339844
447,primært,-47.236637115478516,9.54481029510498
448,belyse,-47.20957946777344,11.680083274841309
449,feks,-37.66420364379883,-17.817604064941406
450,infrastruktur,-46.98619079589844,0.3288498520851135
451,formål,-37.354095458984375,-18.600570678710938
452,vedrørende,-38.30421829223633,-16.505409240722656
453,erhvervsuddannelse,-34.28666687011719,28.63692855834961
454,højt,-47.6649055480957,10.120555877685547
455,obligatorisk,-27.051002502441406,-28.704862594604492
456,udnytte,-47.690818786621094,4.105676651000977
457,gevinst,-48.00187301635742,9.490796089172363
458,hænge,-44.17665481567383,-6.530555248260498
459,effektivisering,-40.268646240234375,-13.639909744262695
460,udsigt,-46.234764099121094,16.52375602722168
461,afhængighed,-35.37739181518555,27.052024841308594
462,karakter,-36.15086364746094,-19.696809768676758
463,konjunkturudvikling,-16.659231185913086,8.364944458007812
464,lægge,-48.28559875488281,9.48648452758789
465,hertil,-46.78289031982422,15.34803581237793
466,fordeling,-47.40937805175781,11.225167274475098
467,detailomsætning,-34.806182861328125,28.043922424316406
468,halvdel,-45.915531158447266,-2.1783432960510254
469,faktor,-45.37556076049805,-5.079801559448242
470,vilkår,-44.81736373901367,-6.330153942108154
471,sundhedsydelse,-47.26129913330078,12.120942115783691
472,bestand,-47.570762634277344,10.785093307495117
473,færdighed,-46.75640869140625,3.4572832584381104
474,vis,-47.382564544677734,0.7766926288604736
475,strukturproblem,-41.02446746826172,25.00071144104004
476,befolkningsfremskrivning,-34.248443603515625,28.579931259155273
477,ressourcerentebeskatning,-47.6008186340332,4.292017459869385
478,ressourceafgift,-45.20499038696289,20.119956970214844
479,finansiere,-43.68272399902344,-8.413040161132812
480,vist,-44.80933380126953,-5.433021068572998
481,prisfald,-46.69082260131836,0.9452823996543884
482,væsentligt,-47.5103874206543,10.716277122497559
483,såfremt,-46.289798736572266,-3.0793819427490234
484,lån,-47.615535736083984,12.929631233215332
485,tilstrækkelig,-40.242645263671875,-14.323023796081543
486,import,-46.4019889831543,-0.7128879427909851
487,efterspørgsel,-41.218074798583984,-12.953704833984375
488,stærk,-44.09394073486328,20.7745361328125
489,erhvervspolitik,-42.44718933105469,-10.683202743530273
490,pension,-41.444522857666016,-12.648551940917969
491,produktion,-37.08734130859375,-18.256567001342773
492,testresultat,-41.17863082885742,-12.081724166870117
493,føre,-47.85466384887695,12.064420700073242
494,boligsikring,-43.393306732177734,-8.344963073730469
495,samspilsproblem,-44.80986785888672,19.896547317504883
496,opgave,-47.06282424926758,12.701638221740723
497,foreslå,-45.779266357421875,-3.541698932647705
498,forløbe,-38.211856842041016,-17.44501304626465
499,bruttonationalprodukt,-29.385717391967773,27.944368362426758
500,understøtte,-46.879207611083984,13.328309059143066
501,beregne,-45.90996551513672,-2.9621260166168213
502,nedenfor,-42.296512603759766,23.618450164794922
503,fag,-30.218570709228516,-25.962860107421875
504,yderområde,-45.443626403808594,-5.121182441711426
505,havgående,-44.46073532104492,19.216964721679688
506,fartøj,-46.44071578979492,15.887884140014648
507,direktør,-37.30927658081055,-17.156997680664062
508,kvalitet,-44.93722152709961,-5.1425700187683105
509,begynde,-47.596656799316406,5.2752227783203125
510,tydelig,-45.05430221557617,18.82581901550293
511,målrette,-43.22144317626953,-9.280916213989258
512,betale,-45.64921951293945,-2.7585337162017822
513,sammenligning,-41.70878982543945,23.66838836669922
514,pensionsopsparing,-42.81193542480469,-9.938949584960938
515,svarer,-39.71934127807617,24.795574188232422
516,indkomstfremgang,-44.42099380493164,-6.912829875946045
517,ambulant,-47.97776794433594,3.667731761932373
518,gruppe,-42.06376647949219,24.608722686767578
519,system,-47.48198699951172,6.124978065490723
520,sammensætte,-47.03330993652344,10.554563522338867
521,udbetaling,-42.46269989013672,24.057178497314453
522,aldring,-42.3967170715332,-11.049540519714355
523,årligt,-34.912811279296875,27.81346321105957
524,løb,-47.430381774902344,2.8518428802490234
525,ilisimatusarfå,-31.95697784423828,-23.961885452270508
526,sunde,-43.194007873535156,-9.797776222229004
527,etablere,-46.10646057128906,-2.4041266441345215
528,forbindelse,-41.337890625,-13.051166534423828
529,indirekte,-45.74445724487305,19.498695373535156
530,middel,-46.18101119995117,-2.201014280319214
531,vedtage,-42.76032638549805,23.109939575195312
532,uddannelsesefterslæb,-19.511186599731445,21.561113357543945
533,par,-27.76775360107422,29.345579147338867
534,finanspolitik,-48.136451721191406,9.687358856201172
535,mål,-46.54646682739258,-0.47857481241226196
536,igangsætte,-46.76797103881836,1.198377013206482
537,påbegynde,-43.222591400146484,-8.862133026123047
538,fastlægge,-47.68391418457031,3.17470645904541
539,diskutere,-35.82937240600586,27.447595596313477
540,skaber,-41.23249053955078,24.04356575012207
541,heraf,-45.76845932006836,18.053930282592773
542,planlægge,-47.497562408447266,4.646833419799805
543,lys,-47.211883544921875,13.17185115814209
544,undgå,-45.30170822143555,-4.890197277069092
545,udvikle,-47.130226135253906,12.401630401611328
546,efterfølge,-47.069515228271484,11.51720905303955
547,licens,-44.87603759765625,-6.890720844268799
548,departementschef,-45.31967544555664,-7.108634948730469
549,rejefiskeri,-46.953712463378906,1.2904727458953857
550,gæld,-48.0885009765625,9.92809772491455
551,kris,-40.58412170410156,25.17133140563965
552,måle,-19.79673194885254,22.933177947998047
553,drifte,-46.943092346191406,13.883296012878418
554,grundlægge,-26.822237014770508,27.390888214111328
555,gå,-41.294898986816406,24.365447998046875
556,vare,-39.799190521240234,-14.860589981079102
557,pågældende,-47.866390228271484,8.8250732421875
558,fange,-38.62957763671875,25.76456642150879
559,rente,-44.15799331665039,-7.472508430480957
560,aldersgruppe,-37.975772857666016,26.154144287109375
561,a,-46.339786529541016,17.048479080200195
562,beskæftige,-40.89628601074219,23.753833770751953
563,læg,-37.40790939331055,27.246049880981445
564,relativt,-46.14702224731445,16.91167449951172
565,nedgang,-36.55491638183594,27.722618103027344
566,element,-47.29340744018555,9.76577091217041
567,qaqortoq,-41.72332763671875,24.566354751586914
568,vanskelig,-35.200355529785156,27.85994529724121
569,matematik,-47.01374435424805,0.9101676940917969
570,ganske,-35.76835632324219,27.483503341674805
571,ovenfor,-45.51936340332031,18.76014518737793
572,hotel,-45.930023193359375,-2.654633045196533
573,familie,-45.78474807739258,19.18930435180664
574,forholdsvis,-37.45405197143555,26.780710220336914
575,bosted,-46.61760330200195,15.187407493591309
576,reformområde,-16.660459518432617,16.12018585205078
577,marginalskat,-46.609352111816406,11.606414794921875
578,juni,-48.03056335449219,4.739764213562012
579,kortsigtet,-28.185930252075195,28.063350677490234
580,kapitalindskud,-38.21132278442383,26.229822158813477
581,scenarie,-47.48782730102539,3.227684497833252
582,ramme,-44.16643524169922,20.75179100036621
583,lovforslag,-42.649803161621094,23.285661697387695
584,foreligge,-47.28170394897461,9.08360481262207
585,lufthavnspakke,-44.83168029785156,18.85787582397461
586,antagelse,-45.627899169921875,17.708206176757812
587,indføre,-48.218299865722656,10.765998840332031
588,nationalbank,-47.562774658203125,7.234929084777832
589,prioritering,-15.895201683044434,13.54439926147461
590,indenskærs,-26.115076065063477,27.647403717041016
591,pensionsalder,-45.96976089477539,17.97196388244629
592,anlægsaktivitet,-47.96853256225586,5.135349750518799
593,indhold,-46.59822082519531,10.205690383911133
594,eventuel,-46.81367874145508,1.2038612365722656
595,anvende,-43.04843521118164,22.03656005859375
596,selvstændig,-45.79571533203125,-3.791651725769043
597,udskydelse,-27.951879501342773,28.237232208251953
598,dårlig,-35.11448669433594,27.087692260742188
599,fremtid,-29.590463638305664,28.787216186523438
600,relativ,-25.472126007080078,26.340959548950195
601,rolle,-37.930233001708984,26.930240631103516
602,jobbe,-42.17494201660156,22.96307373046875
603,variation,-20.56721305847168,22.399621963500977
604,levetid,-28.85588836669922,27.991178512573242
605,fungere,-47.59112548828125,10.129464149475098
606,størrelsesorden,-45.2674674987793,19.438749313354492
607,forøgelse,-19.835037231445312,23.222312927246094
608,budget,-20.63875389099121,24.556081771850586
609,grænse,-47.73737335205078,11.631141662597656
610,data,-39.00920104980469,25.824493408203125
611,hver,-29.546470642089844,27.53519630432129
612,gengælde,-23.270910263061523,25.44259262084961
613,børnetilskud,-46.90991973876953,14.564634323120117
614,antage,-45.013328552246094,19.49631690979004
615,stærkt,-16.510435104370117,9.336039543151855
616,billede,-21.7155704498291,24.107385635375977
617,halvår,-23.437843322753906,25.449811935424805
618,model,-46.68203353881836,14.76120662689209
619,medføre,-45.39228820800781,18.412006378173828
620,opstå,-30.761228561401367,28.422863006591797
621,farvand,11.64641284942627,15.203853607177734
622,fiskeprise,-21.29239845275879,23.29956817626953
623,passager,-16.87017059326172,10.358728408813477
624,angive,-37.42683410644531,26.332672119140625
625,generation,-30.000452041625977,28.037071228027344
626,omtrent,-24.836265563964844,27.082612991333008
627,aftale,-46.784423828125,13.911604881286621
628,behandle,-22.501007080078125,25.263132095336914
629,kvoteandel,-42.58796691894531,-10.44119644165039
630,tjeneste,-46.52106475830078,0.8754994869232178
631,naturinstitut,-29.670583724975586,28.590747833251953
632,lønne,-35.74900436401367,26.940265655517578
633,indkomstfordeling,-16.902992248535156,14.250471115112305
634,regionalpolitisk,-47.4714241027832,13.216980934143066
635,efterforskning,-28.98285484313965,28.72810173034668
636,offentligt,-41.49650573730469,23.827430725097656
637,sat,-36.02338409423828,27.404865264892578
638,sandsynlighed,-18.575401306152344,18.31957244873047
639,sprede,-22.353424072265625,24.245466232299805
640,fremsætte,-21.67162322998047,25.29823112487793
641,kapacitet,-34.72372817993164,27.33846092224121
642,bære,-14.44186019897461,1.4112540483474731
643,rekruttere,-18.69519805908203,20.853782653808594
644,likviditet,-45.18704605102539,19.20891571044922
645,undervisning,-47.08541488647461,4.6422576904296875
646,rentabel,-39.966060638427734,25.372404098510742
647,underbeskæftigelse,-36.505149841308594,27.127836227416992
648,mineralsk,-28.695627212524414,27.42864227294922
649,eksempel,-24.014039993286133,26.97292137145996
650,bebo,-26.186872482299805,28.502918243408203
651,gruppere,-28.473241806030273,28.54414176940918
652,side,-44.765403747558594,18.985414505004883
653,erhvervsmulighed,-24.0399227142334,25.808900833129883
654,samfundsmæssig,-33.49388885498047,27.988096237182617
655,omsætning,-17.180438995361328,17.324626922607422
656,konjunktursituation,-32.4702033996582,27.966489791870117
657,ejerbolig,-10.306543350219727,-3.777524471282959
658,håndtere,-31.07842254638672,27.98867416381836
659,velfærdssamfund,-28.718576431274414,28.278573989868164
660,mia,-15.979697227478027,3.3295631408691406
661,modvirke,-24.818750381469727,27.098386764526367
662,tiltrække,-18.56541633605957,17.56695556640625
663,banke,-44.84326934814453,-4.6943440437316895
664,adgang,-38.480430603027344,25.973743438720703
665,holde,-31.482437133789062,28.168458938598633
666,konstant,-16.646955490112305,14.838542938232422
667,restriktion,-38.594810485839844,26.794479370117188
668,uddannelsespolitik,-43.828948974609375,21.229185104370117
669,henholdsvis,-16.946456909179688,15.574121475219727
670,majoriaq,-42.431976318359375,22.77521324157715
671,fangstmængde,10.033126831054688,11.318037033081055
672,overordne,-22.798465728759766,25.58041000366211
673,utilstrækkelig,-27.537654876708984,27.68714714050293
674,nedlukning,-17.460020065307617,15.524527549743652
675,tilbageslag,-13.605049133300781,2.018223285675049
676,indretning,-17.82254981994629,18.464874267578125
677,risikoeksponering,-14.741353988647461,4.050832271575928
678,driftsudgift,-15.242392539978027,10.667645454406738
679,hurtig,6.977450370788574,-2.0620532035827637
680,strategi,-28.944988250732422,27.65312957763672
681,formentlig,-16.478116989135742,11.48321533203125
682,varetage,-40.495506286621094,25.506023406982422
683,modernisering,-15.328398704528809,6.188516616821289
684,ansvar,-39.560306549072266,25.47052001953125
685,usikkert,-35.376529693603516,27.966320037841797
686,baggrund,-23.66806411743164,26.494720458984375
687,naturressource,-19.33064842224121,22.805438995361328
688,uddannelsesmæssig,-18.29467010498047,19.481801986694336
689,fortsætte,-16.997161865234375,15.058511734008789
690,realistisk,-22.75970458984375,26.73664093017578
691,udarbejde,-21.56582260131836,24.31429672241211
692,mangle,-20.780025482177734,24.20142936706543
693,nettoudvandring,-26.172544479370117,27.841304779052734
694,rejse,-16.628999710083008,14.029520988464355
695,lukke,-16.733402252197266,12.892548561096191
696,sengedag,-41.630008697509766,22.969423294067383
697,april,-21.06154441833496,24.102218627929688
698,maniitsoq,-48.1653938293457,11.519001007080078
699,betaling,-40.70282745361328,25.037878036499023
700,fiskerierhverv,-0.9750581979751587,-4.588918209075928
701,forstærke,-17.598073959350586,16.665868759155273
702,flytte,-16.012563705444336,9.98575210571289
703,værdiskabelse,-19.45566749572754,21.511459350585938
704,findes,-22.03309440612793,25.29775047302246
705,ansætte,-47.814422607421875,12.5316801071167
706,beretning,-21.383092880249023,25.90862274169922
707,sik,-39.894004821777344,24.883024215698242
708,tilgang,-17.63880729675293,17.461708068847656
709,effektiv,-38.283897399902344,26.590862274169922
710,beslutning,-21.29068374633789,25.10521125793457
711,smådriftsulempe,-20.738115310668945,23.22458839416504
712,borger,-37.32454299926758,26.439512252807617
713,airport,-31.799612045288086,28.1114559173584
714,voks,-13.218307495117188,0.6544951796531677
715,sårbar,-9.02666187286377,-2.988975763320923
716,bestemt,-26.738895416259766,26.98253059387207
717,realisere,-30.471397399902344,28.06402587890625
718,udnyttelse,-33.83185958862305,27.593053817749023
719,sisimiut,-45.75798034667969,17.091575622558594
720,island,-16.105382919311523,11.632543563842773
721,landbrug,-17.776479721069336,17.247058868408203
722,plads,-15.814122200012207,9.080216407775879
723,kraftigt,6.222217082977295,-2.5448100566864014
724,næstformand,-13.233795166015625,2.7298154830932617
725,løfte,-11.092706680297852,-3.5520238876342773
726,vokse,-7.545153617858887,-4.614284992218018
727,ambitiøs,-18.64302635192871,18.445926666259766
728,forskningsinstitution,-40.88395690917969,25.70500373840332
729,norge,-45.62934875488281,19.78940200805664
730,knappe,0.6464744210243225,-5.520395278930664
731,organisation,-17.29987144470215,18.96322250366211
732,opbygge,-21.834314346313477,24.859281539916992
733,indlæggelse,-44.472415924072266,20.537548065185547
734,administrativ,-15.662052154541016,11.285744667053223
735,problemstilling,-23.37066078186035,26.194387435913086
736,hovedpart,-19.884864807128906,22.548067092895508
737,tilstrækkeligt,-10.528575897216797,-3.907615900039673
738,udefra,-9.617538452148438,-3.31066632270813
739,anvendelse,-44.608097076416016,19.523202896118164
740,erhvervsaktivitet,-12.279170036315918,0.5280541777610779
741,ufaglært,-24.227685928344727,25.774869918823242
742,professor,-47.78209686279297,13.432315826416016
743,miokrone,-15.761948585510254,6.126281261444092
744,sundhed,-3.5124475955963135,-5.723968029022217
745,vanskeligt,-24.018999099731445,26.32779884338379
746,oplysning,-39.63884353637695,25.174604415893555
747,overfor,-3.114013195037842,-4.724833011627197
748,sammenhængende,-12.988022804260254,0.3233344256877899
749,låntagning,-16.766752243041992,16.130496978759766
750,fremskridt,-20.653860092163086,23.511934280395508
751,bolig,-27.909738540649414,27.49687385559082
752,aasiaat,-42.41291809082031,23.337642669677734
753,overophedning,-10.9563627243042,-0.9774313569068909
754,fireårig,3.9463963508605957,-1.3348867893218994
755,skole,-18.55583381652832,20.759437561035156
756,før,-11.033855438232422,-2.3286941051483154
757,nævne,-18.45899772644043,20.714630126953125
758,ekstraordinær,-17.83167839050293,14.770771026611328
759,hotelgæst,3.460233211517334,-1.9329159259796143
760,eksempelvis,-36.578189849853516,27.151451110839844
761,sikkerhedsnet,-11.149368286132812,-2.7019784450531006
762,begrænsning,-16.339496612548828,12.695046424865723
763,nedadgående,-13.85340690612793,2.2342355251312256
764,afslutte,-12.91305923461914,-0.613450288772583
765,uddannelsesadfærd,-15.380322456359863,8.147412300109863
766,spiller,-16.930267333984375,11.864176750183105
767,specialisere,-17.10381507873535,13.136406898498535
768,konsolidering,15.825363159179688,19.132556915283203
769,debat,-30.2412166595459,28.284271240234375
770,formulere,-18.115339279174805,18.919593811035156
771,princip,-35.09790802001953,27.729442596435547
772,saldo,-14.870283126831055,4.111142158508301
773,levestandard,-15.800639152526855,7.138678073883057
774,lufthavnsprojekt,-17.0334529876709,16.27400016784668
775,kangerlussuaq,-46.24689865112305,16.347734451293945
776,indenlandsk,-15.498109817504883,9.940855026245117
777,kalaallit,-24.518766403198242,25.97145652770996
778,gæste,-17.129165649414062,10.883384704589844
779,udskyde,-13.850802421569824,1.6152031421661377
780,adfærd,-21.111583709716797,24.758129119873047
781,beskrive,-8.94798469543457,-3.3209095001220703
782,udvandring,-14.309427261352539,3.196941375732422
783,demografi,-13.21012020111084,-1.279733657836914
784,reformbehov,16.2441349029541,22.15518569946289
785,bremse,11.936391830444336,8.496786117553711
786,finansdepartement,-26.203948974609375,27.120189666748047
787,hjælpepakke,2.463315963745117,-2.3723020553588867
788,råstofudvinding,-15.841967582702637,5.248394012451172
789,fraflytning,-12.435131072998047,-1.019147276878357
790,revision,-15.81391716003418,11.414188385009766
791,fradrage,-14.421650886535645,1.209472417831421
792,minedrift,2.711364269256592,-3.440917730331421
793,beskæftigelsesmulighed,-6.546022415161133,-5.150897026062012
794,bringe,2.398942470550537,-4.645231246948242
795,underliggende,8.415432929992676,6.023734092712402
796,tidspunkt,-8.831914901733398,-5.028109073638916
797,belaste,11.847095489501953,9.973368644714355
798,turismeerhverv,-14.05399227142334,4.4460768699646
799,prisudvikling,6.623227596282959,-0.06851871311664581
800,placering,-17.48724365234375,15.63602066040039
801,job,0.042863938957452774,-4.93074369430542
802,årti,-2.168631076812744,-5.567117214202881
803,produktivitet,34.57096862792969,22.762802124023438
804,indførelse,-15.49648666381836,3.476389169692993
805,lokal,-18.107622146606445,17.816930770874023
806,universitet,-40.38473892211914,24.46437644958496
807,vedkomme,-15.72544002532959,4.455985069274902
808,udvalg,-14.406466484069824,5.217212200164795
809,udformning,-24.503402709960938,26.411598205566406
810,skattesystem,-16.017431259155273,10.58345890045166
811,reel,9.59522533416748,2.3436975479125977
812,specifik,-17.512802124023438,13.519448280334473
813,forbinde,-20.398832321166992,24.590087890625
814,vælge,-25.840999603271484,27.380998611450195
815,løse,-11.699546813964844,-0.3725283145904541
816,rådgive,-16.610055923461914,16.7812442779541
817,afdrage,-17.36715316772461,17.850353240966797
818,klassetrin,-17.840057373046875,19.63036346435547
819,sundhedsområde,4.129188060760498,-4.605033874511719
820,september,-16.779857635498047,17.876819610595703
821,fond,-18.32420539855957,17.39634132385254
822,tyde,-13.705177307128906,1.8351082801818848
823,lønmodtager,-19.26907730102539,20.3756160736084
824,beskæftigelsesgrad,13.023219108581543,13.716339111328125
825,overførsel,-16.384042739868164,9.972925186157227
826,fastholde,-15.580595016479492,7.944672107696533
827,indbetaling,-33.33135986328125,27.779104232788086
828,efterskole,-17.45928955078125,19.374683380126953
829,styring,-14.833939552307129,2.5595016479492188
830,udbrede,-18.505422592163086,17.534652709960938
831,sydgrønland,-19.86873435974121,21.84662437438965
832,kvinde,-22.58767318725586,24.692646026611328
833,udstrækning,-14.695148468017578,4.385923385620117
834,offentliggøre,-14.943005561828613,2.746088743209839
835,service,-12.110997200012207,-2.772420644760132
836,realkreditinstitut,45.947166442871094,12.581598281860352
837,fremskrive,-8.114067077636719,-3.534921407699585
838,fiskeripolitik,-10.072317123413086,-1.8016420602798462
839,linje,-16.795482635498047,12.26571273803711
840,type,-7.260478973388672,-3.747371196746826
841,løsningssikkerhed,-25.732486724853516,27.032955169677734
842,prioritere,0.6229956746101379,-3.2024500370025635
843,health,-40.621517181396484,24.1495304107666
844,sikring,-17.883920669555664,16.865760803222656
845,prognose,-6.459107875823975,-4.0271759033203125
846,stødpude,-15.023865699768066,6.642632007598877
847,udgivelse,-12.452105522155762,-1.6969866752624512
848,fiskeriforvaltning,-17.84295082092285,16.226715087890625
849,dominere,47.120365142822266,7.274580001831055
850,trinteste,-1.8873029947280884,-3.6450202465057373
851,middellevetid,-16.538890838623047,9.98803997039795
852,kompetencegivende,8.113227844238281,1.1686402559280396
853,cand,-47.2817497253418,3.4379067420959473
854,phd,-35.807613372802734,27.8895206451416
855,kommunal,-13.053072929382324,1.4429794549942017
856,hvoraf,17.44379425048828,20.369035720825195
857,lærer,8.226692199707031,0.4344148635864258
858,modtage,-28.793663024902344,27.66303253173828
859,forhøjelse,4.4853291511535645,-2.8043911457061768
860,ejerskab,-22.744365692138672,24.67801284790039
861,lufthavnsstruktur,-8.340198516845703,-4.082019329071045
862,flerstrenget,1.6288564205169678,-2.9945292472839355
863,illustrere,13.92480754852295,16.558073043823242
864,omvende,-9.05611515045166,-2.406784772872925
865,selskabsskat,-14.917596817016602,1.4042081832885742
866,tac,-4.5299482345581055,-5.636003017425537
867,imf,-17.632701873779297,15.249981880187988
868,tilknytning,42.3820686340332,17.772756576538086
869,muliggøre,-16.02560806274414,12.492429733276367
870,ulighed,3.3791708946228027,-3.278438091278076
871,hav,-28.186077117919922,27.730424880981445
872,faktisk,-6.251868724822998,-3.9364094734191895
873,budgetår,-7.940896987915039,-5.417622089385986
874,skatteindtægt,14.742722511291504,15.354564666748047
875,anlægssektor,-7.98500394821167,-4.289032459259033
876,pensionsordning,-25.26498794555664,26.769330978393555
877,ii,-18.830591201782227,19.65015983581543
878,omstilling,4.8197550773620605,-0.3135003447532654
879,holdbar,-3.6581385135650635,-4.495413303375244
880,mængdemæssig,17.06051254272461,18.68374252319336
881,lande,-19.274974822998047,22.27232551574707
882,ledes,43.467105865478516,16.299697875976562
883,omfordeling,-19.924644470214844,21.95574188232422
884,reelt,5.205384254455566,-1.5980870723724365
885,kapital,-14.162702560424805,3.4253227710723877
886,bosætte,-0.004380583763122559,-6.07347297668457
887,turist,-8.546218872070312,-4.436575412750244
888,uummannaq,-22.420896530151367,25.950456619262695
889,udbytte,-15.874475479125977,6.834255695343018
890,sårbarhedskriterie,-15.54241943359375,11.856477737426758
891,resultere,-15.300375938415527,3.8244025707244873
892,overvejelse,5.293630599975586,-0.7783212065696716
893,genopretning,-17.244157791137695,18.2464542388916
894,afgift,-12.090402603149414,-1.5227186679840088
895,stabilitet,-15.514229774475098,7.435962677001953
896,arbejdsmarkedsydelse,-1.632164478302002,-6.256971836090088
897,boligområde,-15.77773666381836,8.87332534790039
898,iværksætte,-5.237263202667236,-4.296294212341309
899,ungemålgruppe,-1.2607877254486084,-4.463004112243652
900,forøge,10.113938331604004,4.548793792724609
901,vedrøre,25.467409133911133,24.524456024169922
902,værdipapir,-24.906970977783203,27.473968505859375
903,barriere,14.434852600097656,16.819150924682617
904,virkning,-23.573585510253906,26.289098739624023
905,træk,14.230796813964844,14.81166934967041
906,forår,-12.631123542785645,-0.19294704496860504
907,branche,-15.016732215881348,3.3642566204071045
908,levevilkår,-10.445820808410645,-1.4068726301193237
909,importere,16.24141502380371,21.40108871459961
910,tabe,11.76524543762207,6.976552486419678
911,højest,4.828357696533203,-2.012335777282715
912,binde,27.885761260986328,24.057249069213867
913,igangsættelse,3.1354119777679443,-2.8968753814697266
914,drev,7.042967796325684,1.4377037286758423
915,bekymre,-12.329747200012207,-2.284243583679199
916,diskobugt,-17.069284439086914,11.93542194366455
917,indkomstudvikling,-0.648385763168335,-5.056952953338623
918,moderat,5.68952751159668,0.46374383568763733
919,datasæt,-2.9517695903778076,-5.8475446701049805
920,bosætningsmønster,37.62736129760742,17.403934478759766
921,efterspurgt,-10.047542572021484,-3.0843029022216797
922,udvindingstilladelse,-11.886509895324707,-1.3621526956558228
923,transport,5.319183826446533,-0.6839010119438171
924,struktur,36.52762222290039,19.975482940673828
925,ungdomsårgang,-15.85851001739502,4.336296081542969
926,argumentere,17.718006134033203,18.078351974487305
927,uddannelsesstatus,7.971309185028076,3.237720012664795
928,trintest,-30.978282928466797,27.825761795043945
929,zink,-16.38633155822754,10.939325332641602
930,energi,-2.6197471618652344,-4.857939720153809
931,sundhedssektor,13.026693344116211,13.089720726013184
932,forlader,31.488113403320312,22.603029251098633
933,modregning,-15.114168167114258,5.860335350036621
934,forlængelse,-3.8553969860076904,-6.276250839233398
935,trawler,40.536502838134766,17.36598777770996
936,makrel,15.051758766174316,20.132993698120117
937,overgang,-0.9134548306465149,-5.480203151702881
938,register,-3.2952582836151123,-6.353908538818359
939,gennemsnitspris,0.8185241222381592,-4.573462009429932
940,betragtning,7.131196975708008,2.7779364585876465
941,tele,-14.704236030578613,5.021710395812988
942,velfærdskommission,8.462862014770508,4.845801830291748
943,praksis,-1.590417742729187,-6.6042799949646
944,oversigt,5.009250640869141,-3.625089406967163
945,inkludere,13.91238021850586,12.07557487487793
946,sikkerhed,11.076082229614258,10.173410415649414
947,marts,6.851463317871094,1.6959288120269775
948,enkel,10.986246109008789,10.199790000915527
949,fuldt,4.550450325012207,-0.051180172711610794
950,institutionel,1.636590838432312,-4.128408432006836
951,pensionsområde,30.18858528137207,24.781843185424805
952,sermersooq,-15.981517791748047,10.692028045654297
953,indvandring,18.413942337036133,20.295230865478516
954,fastboende,8.46081256866455,1.237950086593628
955,fødsel,-9.069168090820312,-3.2071785926818848
956,tilpasning,43.60441207885742,12.009404182434082
957,hverken,-0.07462857663631439,-4.320310115814209
958,pga,7.714694499969482,2.667497396469116
959,kraftig,25.405864715576172,24.34157371520996
960,nedsætte,46.38174057006836,2.424206495285034
961,små,-12.539883613586426,-0.7903168201446533
962,udvise,17.442218780517578,20.81849479675293
963,optag,15.835342407226562,15.478145599365234
964,udarbejdelse,-12.63424301147461,-1.8570048809051514
965,kende,3.4994750022888184,-2.572256326675415
966,dårligt,-16.091615676879883,12.245769500732422
967,snæver,10.847809791564941,6.438798427581787
968,nikkel,-1.3643296957015991,-4.919626712799072
969,arbejdsmarkedsrelevant,17.764053344726562,16.837190628051758
970,forbrug,12.755386352539062,12.534554481506348
971,august,10.84371566772461,9.418383598327637
972,historisk,11.155614852905273,11.027286529541016
973,spænd,22.886024475097656,21.367080688476562
974,tilgængelig,23.908111572265625,24.08928108215332
975,vikar,27.52423667907715,22.936092376708984
976,vending,48.32402420043945,-0.8952481746673584
977,rense,30.194372177124023,21.542654037475586
978,tolke,20.336286544799805,21.608230590820312
979,svinge,32.15984344482422,20.09433364868164
980,balancekrav,-4.1238274574279785,-4.986581325531006
981,erhvervsliv,-7.033589839935303,-4.655943870544434
982,aftrapning,10.896458625793457,6.169040203094482
983,aldersfordeling,16.80181121826172,18.861604690551758
984,aldrende,47.121368408203125,1.1453332901000977
985,besætte,9.773889541625977,9.103404998779297
986,hjemmeboende,-13.803621292114258,-1.0899672508239746
987,uafhængig,28.97492218017578,22.694660186767578
988,oecdland,45.77547073364258,3.7554821968078613
989,udenskærs,28.98630714416504,23.555892944335938
990,nå,10.677339553833008,5.651625156402588
991,fælles,-6.412065505981445,-4.765704154968262
992,mindsteløn,-13.714479446411133,-0.12690512835979462
993,erhvervsaktiv,13.932099342346191,13.584794998168945
994,minimum,9.22811508178711,3.900631904602051
995,sektorplan,-8.472882270812988,-4.129410266876221
996,almindelig,8.528504371643066,7.116538047790527
997,nødvendigvis,17.670740127563477,19.713077545166016
998,tilskrive,32.92024612426758,20.468809127807617
999,finansiel,9.736028671264648,4.385238170623779
1000,uløst,34.03618240356445,20.51007652282715
1001,inkle,12.793149948120117,14.221567153930664
1002,melde,7.7205376625061035,2.064943313598633
1003,selvsagt,9.116000175476074,8.128192901611328
1004,juli,-4.83003568649292,-5.115044116973877
1005,horisont,35.84766387939453,23.269773483276367
1006,drejer,3.4252285957336426,-0.7247238159179688
1007,sidste,48.863651275634766,1.1537368297576904
1008,aktør,-7.473966121673584,-5.077908039093018
1009,restaurant,3.3527848720550537,-1.3779263496398926
1010,udgangssituation,41.31767272949219,14.82064151763916
1011,førtidspensionist,25.36811637878418,23.163042068481445
1012,afholde,-1.2236950397491455,-5.924181938171387
1013,tilkalde,12.026631355285645,6.913967132568359
1014,glance,7.538176536560059,-1.3127902746200562
1015,befolkningstal,26.848146438598633,24.211687088012695
1016,fåreholdersted,4.1363067626953125,-1.9996802806854248
1017,stillingtagen,8.81110954284668,1.442777395248413
1018,langvarig,14.326995849609375,13.919519424438477
1019,udstyre,13.071864128112793,14.854401588439941
1020,hospitalsydelse,1.3871073722839355,-4.282436370849609
1021,tage,-7.932652950286865,-4.289334774017334
1022,iii,-16.514381408691406,10.117940902709961
1023,midlertidig,4.0611042976379395,-3.749559164047241
1024,stramme,-9.0090913772583,-4.741152286529541
1025,videregående,45.15129852294922,13.687841415405273
1026,handel,10.196442604064941,5.918302536010742
1027,sige,18.32037925720215,19.494075775146484
1028,velfærdsområde,9.836755752563477,7.955236911773682
1029,fradrag,6.476341247558594,-2.3009297847747803
1030,kritisk,10.5701322555542,8.074984550476074
1031,nationalregnskab,30.4853458404541,24.493465423583984
1032,skattebetaling,12.910995483398438,11.224071502685547
1033,fremskreden,-2.5562214851379395,-5.355794429779053
1034,mervækst,-15.753813743591309,5.8636794090271
1035,varig,24.465620040893555,22.60207176208496
1036,jolle,39.814674377441406,18.010778427124023
1037,subsidiere,2.9128434658050537,-4.414255619049072
1038,efterforskningsaktivitet,2.1819159984588623,-3.999600410461426
1039,upernavik,-13.435554504394531,0.02320711687207222
1040,imakke,-7.625948905944824,-3.2634406089782715
1041,opdatering,39.68305587768555,14.020792007446289
1042,eje,11.233965873718262,12.177495956420898
1043,regionalpolitik,40.698421478271484,19.232961654663086
1044,skattestigning,2.748077630996704,-2.6826963424682617
1045,prisstigning,32.245697021484375,22.487152099609375
1046,notat,0.8479607701301575,-5.724008560180664
1047,aldersfordele,6.510639667510986,-1.2745224237442017
1048,medarbejder,-14.921584129333496,1.7033475637435913
1049,politiskøkonomisk,-11.214961051940918,-0.43778562545776367
1050,en,7.476891040802002,3.6335697174072266
1051,fiskerilov,36.48527145385742,16.956830978393555
1052,mærkbar,13.114453315734863,8.387664794921875
1053,uklar,9.243855476379395,5.172743320465088
1054,trafik,5.62000846862793,-2.0395243167877197
1055,udlænding,25.441673278808594,24.8795108795166
1056,driftsfas,32.68351745605469,23.130353927612305
1057,produkt,29.21759605407715,22.834230422973633
1058,anse,22.290576934814453,22.135089874267578
1059,forsinke,10.978623390197754,5.037201404571533
1060,oparbejde,11.037120819091797,11.125931739807129
1061,motorkøretøj,16.733362197875977,20.036174774169922
1062,tildele,10.272929191589355,8.783316612243652
1063,indtjening,50.14751052856445,0.8589209318161011
1064,selvforsørgelse,15.118047714233398,18.039182662963867
1065,sammenholde,-1.8826189041137695,-4.052515983581543
1066,folkesundhed,19.21727180480957,20.51650047302246
1067,rentabilitet,37.69691848754883,19.01764488220215
1068,færøerne,31.40314292907715,20.968660354614258
1069,delvist,19.25527000427246,18.872066497802734
1070,stilling,28.34712791442871,21.253173828125
1071,forringe,45.65810775756836,5.6004743576049805
1072,national,-12.314228057861328,0.43123385310173035
1073,maj,9.682571411132812,6.723091125488281
1074,pensionstillæg,0.9086901545524597,-4.74965763092041
1075,regering,11.178818702697754,8.82796859741211
1076,indkomstskat,48.2952995300293,2.9620001316070557
1077,kompensation,22.4365234375,22.67753791809082
1078,landingsbane,6.898496150970459,-0.8862171769142151
1079,finanspolitisk,11.088823318481445,11.98480224609375
1080,attraktiv,23.619279861450195,21.382383346557617
1081,legitimitet,4.88082218170166,-2.5455384254455566
1082,udføre,24.435474395751953,21.360816955566406
1083,ende,18.765857696533203,18.247493743896484
1084,velfærdsydelse,5.934582710266113,-0.40600690245628357
1085,søge,26.040802001953125,24.969690322875977
1086,commodity,9.276894569396973,6.363239288330078
1087,ram,27.58685874938965,21.860679626464844
1088,velbegrundet,38.58958053588867,16.248727798461914
1089,kommentar,44.377716064453125,6.489455699920654
1090,inatsisartut,8.494720458984375,7.0766777992248535
1091,omtale,19.697174072265625,21.426713943481445
1092,anledning,10.911030769348145,12.924237251281738
1093,udløse,45.692665100097656,7.919355392456055
1094,svager,42.57924270629883,14.140104293823242
1095,modtager,23.837329864501953,23.178478240966797
1096,ogeller,18.652767181396484,20.977060317993164
1097,elektronisk,-7.407953262329102,-5.325752258300781
1098,brug,8.968099594116211,3.269589424133301
1099,naalakkersuisut,21.458707809448242,21.889989852905273
1100,aktieselskab,9.242606163024902,6.010080337524414
1101,implikation,43.12518310546875,12.658380508422852
1102,registrering,8.808302879333496,2.6040778160095215
1103,offentliggørelse,46.649600982666016,5.706756591796875
1104,finansieringsmodel,18.11815071105957,20.109962463378906
1105,aktiveringskrav,11.679985046386719,13.188121795654297
1106,oprindelig,7.062989711761475,0.1556519865989685
1107,udvide,18.917728424072266,22.72601890563965
1108,ifølge,23.18953514099121,22.47836685180664
1109,størstedel,21.061281204223633,22.90034294128418
1110,arbejdsevne,9.968145370483398,3.8987650871276855
1111,total,14.733471870422363,18.720468521118164
1112,uhensigtsmæssig,6.643020153045654,1.1258821487426758
1113,effektvurdering,5.154720783233643,-1.6353189945220947
1114,metalpris,-13.022666931152344,1.330315113067627
1115,systematisk,17.484996795654297,20.972883224487305
1116,pelagisk,46.47098922729492,6.230868816375732
1117,annoncere,12.80204963684082,14.385284423828125
1118,jobmulighed,37.858253479003906,19.547626495361328
1119,afgiftsbetaling,35.651973724365234,22.291004180908203
1120,forklare,9.106698036193848,8.170400619506836
1121,ligeledes,40.39362716674805,13.861157417297363
1122,flytning,46.10995864868164,5.978146553039551
1123,supplere,22.881364822387695,24.102699279785156
1124,krydstogtsturisme,39.422752380371094,18.87361717224121
1125,indfri,19.615079879760742,23.15829849243164
1126,folkeskoleelev,19.27634620666504,19.048826217651367
1127,levere,32.08303451538086,21.304332733154297
1128,motivation,7.8561296463012695,3.9725658893585205
1129,sommer,7.189002990722656,0.3521852493286133
1130,sundhedstilbud,42.89497756958008,11.560842514038086
1131,hjemmeside,1.163253664970398,-3.747973680496216
1132,inddeling,21.725109100341797,23.30010223388672
1133,udgang,42.5548095703125,14.090505599975586
1134,council,-3.1673927307128906,-4.650242328643799
1135,dyr,13.634485244750977,13.34801959991455
1136,business,-1.4255640506744385,-5.9376540184021
1137,vende,40.234439849853516,16.795995712280273
1138,detailkæde,37.97874450683594,20.50574493408203
1139,sæsonkorrigeret,48.806636810302734,-6.617684364318848
1140,intern,44.86865997314453,9.150062561035156
1141,bemærkning,28.88339614868164,21.780033111572266
1142,yde,24.959367752075195,21.71308708190918
1143,region,10.45120906829834,7.261314868927002
1144,daværende,-14.942477226257324,4.464912414550781
1145,vanskeligere,47.565372467041016,2.671518564224243
1146,mineral,32.090877532958984,24.650657653808594
1147,tilpasse,13.092844009399414,11.835177421569824
1148,udvælge,37.248565673828125,19.582590103149414
1149,and,-16.80213737487793,14.015739440917969
1150,uran,-3.6265480518341064,-3.9623661041259766
1151,jordart,-8.891911506652832,-5.627325534820557
1152,sjælden,-0.47696900367736816,-3.7340166568756104
1153,opstille,0.18410828709602356,-3.7261157035827637
1154,grønlandsbanke,-8.283697128295898,-5.2919087409973145
1155,isakke,18.69837760925293,19.424240112304688
1156,mine,16.499101638793945,21.07347297668457
1157,summe,44.8419189453125,11.395726203918457
1158,typisk,15.010602951049805,15.702715873718262
1159,tasiilaq,14.16894817352295,14.857858657836914
1160,udgiftspres,11.892999649047852,8.937555313110352
1161,udfase,16.521167755126953,20.220932006835938
1162,,26.703933715820312,23.212779998779297
1163,aftage,47.679359436035156,5.433720111846924
1164,investor,13.230591773986816,13.630515098571777
1165,forsyningsbalance,42.81617736816406,12.223384857177734
1166,opnåelse,41.485713958740234,13.784992218017578
1167,traditionel,35.9722900390625,19.615219116210938
1168,visse,18.83224868774414,20.101272583007812
1169,erhvervsvilkår,8.061737060546875,5.328494548797607
1170,fødselsoverskud,34.258052825927734,19.29401206970215
1171,råstofområde,3.8955562114715576,-1.4193565845489502
1172,samfundsøkonomi,38.67760467529297,17.997385025024414
1173,vinter,16.38571548461914,19.56334114074707
1174,indtægtskilde,25.88142204284668,23.054676055908203
1175,personale,14.78870677947998,18.747005462646484
1176,perspektiv,30.458709716796875,22.313697814941406
1177,normal,6.529569625854492,0.8599782586097717
1178,start,9.82913589477539,6.198240280151367
1179,husholdning,19.622398376464844,21.53301239013672
1180,skifte,53.42488479614258,-14.271385192871094
1181,rektor,8.432903289794922,8.741804122924805
1182,engagement,37.589473724365234,20.910137176513672
1183,aarhus,10.045498847961426,5.045827388763428
1184,hårdt,15.620356559753418,17.128686904907227
1185,efterslæb,45.353363037109375,10.149212837219238
1186,udsætte,49.56440734863281,-5.009537220001221
1187,spending,-11.37062931060791,-1.5035954713821411
1188,arbejdsmarkedspolitik,49.28856658935547,-2.428647756576538
1189,afklaring,34.8106803894043,20.66630744934082
1190,etablering,23.794809341430664,23.05872344970703
1191,konjunkturforløbe,50.550331115722656,-3.0739710330963135
1192,blaabjerge,35.349578857421875,21.43873405456543
1193,pæn,47.313114166259766,0.7922282814979553
1194,fjord,4.3195013999938965,-1.3948522806167603
1195,forsørgelse,49.60319519042969,-4.1828837394714355
1196,chef,-12.515491485595703,-1.5146679878234863
1197,ugunstig,51.398780822753906,-10.89678955078125
1198,forlænge,18.278316497802734,21.312950134277344
1199,komplicere,38.746337890625,20.169580459594727
1200,fremdrift,43.94607162475586,14.601495742797852
1201,afkastkrav,11.984012603759766,13.267693519592285
1202,rådighed,29.752771377563477,23.949039459228516
1203,betalingsbalancestatistik,-7.900027275085449,-4.517673969268799
1204,kulbrinte,40.05178451538086,17.098384857177734
1205,arctic,29.908672332763672,21.65342140197754
1206,brian,48.25892639160156,-3.396287441253662
1207,behandlingsform,40.49534606933594,13.51870346069336
1208,buus,47.718692779541016,-2.7544755935668945
1209,candoecon,19.731822967529297,19.80074119567871
1210,smittebølge,38.669071197509766,17.730812072753906
1211,overnatning,21.5897216796875,22.060091018676758
1212,nationaløkonomi,12.462743759155273,13.322909355163574
1213,kapitel,15.630060195922852,18.396488189697266
1214,statistikchef,35.49140548706055,20.811668395996094
1215,grundig,47.103023529052734,4.943726539611816
1216,candpolit,18.667945861816406,22.5596923828125
1217,fiskebestand,31.958946228027344,23.874731063842773
1218,familietype,35.80882263183594,16.918010711669922
1219,sundhedstilstand,30.840848922729492,23.656661987304688
1220,normalisering,49.07238006591797,-8.175702095031738
1221,overvismand,46.43494415283203,4.1352739334106445
1222,alvorlig,5.457597732543945,-2.891288995742798
1223,smitte,42.07183074951172,16.30878448486328
1224,education,46.996273040771484,0.20700706541538239
1225,læreruddannelse,21.185081481933594,20.258243560791016
1226,genåbning,36.99839401245117,18.094839096069336
1227,sagkyndig,15.309659957885742,16.227991104125977
1228,repræsentere,10.488323211669922,10.106417655944824
1229,serviceerhverv,-2.691617727279663,-4.530728816986084
1230,transportmulighed,41.348289489746094,16.23017120361328
1231,afbrudt,-6.230435848236084,-3.8968381881713867
1232,afbryde,35.95637130737305,22.03424644470215
1233,sekretariatsfunktion,17.395587921142578,18.835325241088867
1234,candscientadm,10.983068466186523,7.883559703826904
1235,dokumentere,15.38047981262207,16.084444046020508
1236,afgiftsprovenu,52.249271392822266,-13.556333541870117
1237,udfordre,49.32302474975586,0.6317667365074158
1238,air,48.5173454284668,-0.5083464980125427
1239,qasigiannguit,7.162412166595459,3.421454429626465
1240,opsparingsgrundlag,40.753231048583984,18.148876190185547
1241,udgive,35.39370346069336,19.708276748657227
1242,interesseorganisation,51.49368667602539,-10.101139068603516
1243,velstående,50.63521194458008,-3.8371081352233887
1244,vicedirektør,37.9060173034668,22.585098266601562
1245,kompetence,17.626672744750977,21.691797256469727
1246,detaljeret,30.363876342773438,22.56088638305664
1247,hjemmestyre,48.55098342895508,-3.1191277503967285
1248,usikker,18.099590301513672,19.33185577392578
1249,psykiatrisk,32.68023681640625,23.82278823852539
1250,brief,21.526973724365234,23.554441452026367
1251,sideløbende,41.10300827026367,12.86201286315918
1252,sundhedspersonale,9.772207260131836,6.5720014572143555
1253,kort,0.17107979953289032,-4.855477333068848
1254,konkurrence,21.437795639038086,20.472036361694336
1255,voksen,50.945343017578125,-8.127309799194336
1256,status,46.056880950927734,6.724421977996826
1257,fylde,52.52066421508789,-14.861888885498047
1258,nedbringe,38.66302490234375,16.899459838867188
1259,økonomidirektorat,-14.925430297851562,5.872842788696289
1260,eksklokke,49.453399658203125,-3.858739137649536
1261,erhvervskompetencegivende,53.1332893371582,-14.366729736328125
1262,modsat,11.89047622680664,6.952748775482178
1263,pensionskasse,6.623763561248779,-0.554274320602417
1264,baggrundsmateriale,49.71512222290039,-7.7090744972229
1265,hovedtræk,31.650300979614258,21.522890090942383
1266,subsidiering,13.883601188659668,16.1326847076416
1267,afsmittende,20.526124954223633,22.9547119140625
1268,prisniveau,38.6137809753418,21.57512664794922
1269,lønning,8.836166381835938,4.523871898651123
1270,vestgrønland,49.06663131713867,-2.6964752674102783
1271,akut,45.19038391113281,11.39842414855957
1272,vanskelighed,12.033679962158203,9.18798542022705
1273,tilbyde,45.28123092651367,8.529583930969238
1274,lære,10.066607475280762,11.413737297058105
1275,udvinde,12.417191505432129,9.601994514465332
1276,rubin,16.53826904296875,17.203243255615234
1277,højde,33.41351318359375,19.744911193847656
1278,tilbud,21.406238555908203,22.38809585571289
1279,arbejdsplads,43.9915885925293,10.22575855255127
1280,forudsat,20.46036720275879,19.78569984436035
1281,videnskabelig,8.378680229187012,4.506448745727539
1282,beskæftigelsesincitament,17.630443572998047,17.703155517578125
1283,tilfredsstille,0.5665305256843567,-4.062731742858887
1284,deltager,42.326934814453125,15.525270462036133
1285,trend,8.906027793884277,2.496547222137451
1286,regulering,22.0867977142334,21.030597686767578
1287,velstandsniveau,52.38945770263672,-14.405801773071289
1288,sverige,11.568500518798828,11.173039436340332
1289,forudgående,52.762271881103516,-13.2271146774292
1290,dilemma,47.5691032409668,1.8538281917572021
1291,ambition,33.875614166259766,19.84390640258789
1292,rejeprise,48.312068939208984,0.1917112022638321
1293,uddannelsespolitisk,22.692657470703125,21.347867965698242
1294,udvidelse,23.05821418762207,22.57109260559082
1295,bruttoinvestering,12.750818252563477,15.182219505310059
1296,oplæg,-2.69305419921875,-4.83892822265625
1297,reservere,24.310874938964844,21.233495712280273
1298,rådighedskrav,48.487571716308594,1.7752097845077515
1299,forebygge,46.91149139404297,6.06480598449707
1300,skøn,44.889686584472656,8.865132331848145
1301,investere,10.56415843963623,7.226830005645752
1302,alternativ,32.687294006347656,21.104726791381836
1303,dau,54.8365478515625,-17.138614654541016
1304,lufttrafik,49.63166427612305,2.336305856704712
1305,drift,33.646484375,22.014495849609375
1306,faktum,48.62337112426758,0.7554457783699036
1307,hovedformål,34.45346450805664,21.262351989746094
1308,tilstræbe,37.84233474731445,18.260465621948242
1309,fravær,31.398630142211914,23.360252380371094
1310,provenueffekt,37.19014358520508,19.797595977783203
1311,iv,8.698507308959961,9.02444076538086
1312,lav,24.7022647857666,22.416765213012695
1313,hovedspor,49.810489654541016,-2.7103071212768555
1314,pakke,43.7039794921875,9.992809295654297
1315,sammenfatte,49.67169189453125,-0.6720132231712341
1316,statistisk,19.502878189086914,21.670486450195312
1317,naturlig,44.784576416015625,5.495231628417969
1318,balancere,50.225406646728516,-5.388053894042969
1319,holdbarhedsanalyse,43.636932373046875,12.273689270019531
1320,afklare,37.69670486450195,16.202394485473633
1321,instrument,42.50513458251953,13.980944633483887
1322,klarere,47.587669372558594,1.8052703142166138
1323,opdele,29.793867111206055,23.450254440307617
1324,afvikle,35.146480560302734,18.686344146728516
1325,olie,49.00474548339844,1.9476330280303955
1326,opretholde,33.93755340576172,21.589982986450195
1327,kvindeandel,12.535111427307129,10.473858833312988
1328,erstatte,11.481148719787598,12.47110366821289
1329,forlade,44.66112518310547,10.974377632141113
1330,planlægning,28.449464797973633,22.735103607177734
1331,fordoble,47.25064468383789,5.8083415031433105
1332,bortfalde,33.17728805541992,21.946311950683594
1333,regnskab,47.0677490234375,-0.034419942647218704
1334,optælling,46.2535285949707,-0.04350248724222183
1335,henvende,51.568084716796875,-7.15565299987793
1336,januar,38.596778869628906,20.389171600341797
1337,bosætning,14.2022123336792,17.408138275146484
1338,erhvervsstruktur,36.724334716796875,18.0886173248291
1339,vægte,43.190242767333984,14.277666091918945
1340,strenge,42.23283767700195,15.650972366333008
1341,forløbsanalyse,24.079769134521484,23.941049575805664
1342,ydelsesstruktur,45.18522644042969,5.819581985473633
1343,eu,38.763099670410156,17.12824821472168
1344,overholde,48.3922119140625,-4.016500473022461
1345,ønske,46.568424224853516,5.452478885650635
1346,bryde,49.295108795166016,-5.426809310913086
1347,deltage,31.670124053955078,22.849597930908203
1348,styrkelse,52.0705680847168,-8.787181854248047
1349,langsomt,50.361263275146484,-4.539866924285889
1350,erhverv,29.69943618774414,22.249601364135742
1351,maksimal,50.08024215698242,0.6246869564056396
1352,restere,37.470680236816406,17.401288986206055
1353,varigt,50.434715270996094,-4.382288932800293
1354,prisindeks,12.259363174438477,8.6608247756958
1355,metal,14.411873817443848,16.67500877380371
1356,f,23.066852569580078,22.0068359375
1357,kur,33.52033996582031,20.75920295715332
1358,rammebetingelse,44.504886627197266,12.769068717956543
1359,gennemsnitsalder,51.55051803588867,-9.1469087600708
1360,tildeling,42.77926254272461,10.510724067687988
1361,nettofraflytning,50.5917854309082,-7.504385948181152
1362,økonomiskpolitisk,-2.8337113857269287,-6.11068058013916
1363,betragte,49.1221809387207,-8.058993339538574
1364,betragtelig,46.369537353515625,8.294005393981934
1365,normalt,45.13151168823242,7.577253341674805
1366,henblik,9.628170013427734,7.298450469970703
1367,vigtighed,25.242149353027344,22.362459182739258
1368,bor,50.36233901977539,-5.994352340698242
1369,kæde,38.10099411010742,18.62727928161621
1370,dårligst,44.42097854614258,13.32181453704834
1371,udenrigshandelsstatistik,46.36208724975586,5.422122955322266
1372,målretning,30.36553192138672,20.625375747680664
1373,betegne,47.91135025024414,-1.097606897354126
1374,belysning,50.244205474853516,-8.000661849975586
1375,ældreandel,50.253944396972656,-1.3669719696044922
1376,nominel,43.33125686645508,11.133733749389648
1377,uddannelsesmodel,40.162391662597656,16.925708770751953
1378,opleve,52.226261138916016,-10.791905403137207
1379,indførselsafgift,53.385196685791016,-15.382818222045898
1380,månedlig,41.615238189697266,17.105518341064453
1381,jobparat,50.074302673339844,-6.4982123374938965
1382,lede,50.47690963745117,-5.070313453674316
1383,tolk,50.7944450378418,-10.154419898986816
1384,bagudrettet,48.761009216308594,-0.8471908569335938
1385,ressourcerente,43.75379943847656,13.351993560791016
1386,inddrage,52.32098388671875,-12.858049392700195
1387,forbehold,48.23343276977539,4.470083236694336
1388,underbeskæftiget,53.85319900512695,-16.458538055419922
1389,qeqqat,52.98214340209961,-15.533940315246582
1390,påpege,47.976531982421875,5.980737209320068
1391,opadgående,51.36262893676758,-11.192415237426758
1392,ultimo,41.9817008972168,14.522066116333008
1393,indhente,20.74563980102539,20.7999324798584
1394,fødselsunderskud,42.67950439453125,16.07552146911621
1395,næppe,46.3819580078125,4.071475982666016
1396,royal,40.24943161010742,20.139394760131836
1397,færdiggøre,16.355152130126953,18.003801345825195
1398,sundhedsforsikring,47.33594512939453,3.6380250453948975
1399,slå,50.812347412109375,-9.132004737854004
1400,smittespredning,49.499908447265625,-5.947915554046631
1401,reformforslag,52.64702606201172,-13.176487922668457
1402,pengeinstitut,49.77915954589844,-2.4830219745635986
1403,altså,37.04340744018555,18.848695755004883
1404,zigzag,41.07007598876953,15.504791259765625
1405,kulbrinteefterforskning,50.21751403808594,-6.706905841827393
1406,gennemgang,14.850811958312988,17.10618019104004
1407,skærpe,52.162532806396484,-12.63433837890625
1408,migration,52.59630584716797,-14.142273902893066
1409,nul,47.59015655517578,2.8835370540618896
1410,drastisk,34.5297737121582,20.063648223876953
1411,deraf,52.87430191040039,-14.837069511413574
1412,udtrykke,45.502689361572266,8.11123275756836
1413,forværre,48.17036437988281,2.6520931720733643
1414,refusion,47.212345123291016,7.720580577850342
1415,opfølgning,52.348960876464844,-11.715866088867188
1416,bygherre,40.334781646728516,14.97856616973877
1417,beløbe,48.17490768432617,-2.079495668411255
1418,forsørgerbrøk,55.00408172607422,-17.217348098754883
1419,nationalregnskabsform,53.86106872558594,-16.63451385498047
1420,hjemsendelse,20.450170516967773,19.683706283569336
1421,overføre,31.464170455932617,22.32670021057129
1422,udgiftsvækst,51.069496154785156,-9.36357307434082
1423,medtage,38.39951705932617,17.154401779174805
1424,fremstå,53.72773361206055,-14.55292797088623
1425,basis,45.59632873535156,4.87522029876709
1426,nærhed,39.947200775146484,14.549931526184082
1427,skridte,49.02262496948242,3.0783016681671143
1428,registerbaseret,48.83572006225586,-5.551494121551514
1429,afløse,50.07371139526367,-8.181937217712402
1430,marked,27.21258544921875,22.904674530029297
1431,husleje,46.34233474731445,1.7541931867599487
1432,tabel,36.75910949707031,20.431774139404297
1433,forhøje,41.99790954589844,17.359621047973633
1434,varsel,50.94157791137695,-5.825260162353516
1435,fiskeriafgift,51.76822280883789,-12.23082447052002
1436,pleje,46.11186218261719,7.837540626525879
1437,hellefiskeri,51.059539794921875,-8.456317901611328
1438,transparent,45.141822814941406,7.804717063903809
1439,flytransport,45.62667465209961,3.68329119682312
1440,fiskerirelatere,53.45912551879883,-14.232918739318848
1441,genoprette,46.23013687133789,1.4304025173187256
1442,tilbagekalde,29.437976837158203,22.51303482055664
1443,præcis,39.01380920410156,20.6474666595459
1444,automatisk,53.18029022216797,-14.837921142578125
1445,brugerbetaling,22.781126022338867,23.622528076171875
1446,troværdighed,46.346092224121094,4.400387287139893
1447,fremmest,47.622013092041016,-0.0956178829073906
1448,samtlige,44.20067596435547,8.268791198730469
1449,dimension,52.51214599609375,-12.343968391418457
1450,forskydning,49.45488357543945,-1.5659765005111694
1451,velfærdsordning,50.86335372924805,-6.766295433044434
1452,vedligehold,51.89457702636719,-11.275890350341797
1453,tilrettelæggelse,49.2170524597168,-7.288973808288574
1454,finansieringsproblem,52.133304595947266,-14.370226860046387
1455,containerhavn,52.03090286254883,-14.112051963806152
1456,nødvendiggøre,46.04679489135742,8.559621810913086
1457,indkomstinterval,33.237510681152344,22.09427833557129
1458,bopæl,53.84364700317383,-16.528961181640625
1459,arbejdsmarkedsdeltagelse,53.58024215698242,-16.45404624938965
1460,rejefangst,50.354331970214844,-6.393023490905762
1461,partner,53.2145881652832,-13.521227836608887
1462,hvortil,49.6427116394043,0.4934629499912262
1463,færdigredigere,42.136558532714844,11.475157737731934
1464,risikere,50.192161560058594,-7.744574069976807
1465,kontorchef,39.740604400634766,19.370542526245117
1466,tema,48.047611236572266,0.40115150809288025
1467,adm,44.39727020263672,10.257884979248047
1468,jobfunktionere,38.991111755371094,18.772802352905273
1469,tænke,39.9416618347168,19.001445770263672
1470,skatte,33.55238342285156,21.369205474853516
1471,begrunde,47.68399429321289,2.941678285598755
1472,præge,40.29814910888672,14.798258781433105
1473,arbejdsmarkedsafgift,51.93026351928711,-12.198274612426758
1474,anlægsarbejde,54.43924331665039,-16.94780731201172
1475,trækker,27.347061157226562,23.93958282470703
1476,spørgsmålstegn,38.29474639892578,19.6380558013916
1477,finland,43.0731315612793,10.904093742370605
1478,uanset,53.04738998413086,-15.342202186584473
1479,selvforsørgende,46.596004486083984,9.269818305969238
1480,ungdom,49.88520812988281,-9.404084205627441
1481,uddannelsesindsats,25.979572296142578,22.47456932067871
1482,folkeskolelov,36.04033279418945,19.023090362548828
1483,begyndelse,50.874351501464844,-8.105798721313477
1484,reparere,48.72439193725586,-3.847156286239624
1485,prisreduktion,18.419702529907227,19.47932243347168
1486,rationel,52.730926513671875,-13.480134963989258
1487,indhandling,41.75263977050781,15.17390251159668
1488,længde,39.672515869140625,17.41122055053711
1489,frafalde,43.97205352783203,8.237080574035645
1490,scient,20.436418533325195,22.724342346191406
1491,gem,33.70401382446289,23.487674713134766
1492,vareeksport,54.67481231689453,-17.057527542114258
1493,krydstogtspassager,54.09368133544922,-16.756851196289062
1494,kinesisk,17.77115249633789,18.39051055908203
1495,havneafgift,48.8675537109375,-3.4726061820983887
1496,hansen,51.725120544433594,-8.124643325805664
1497,såvel,43.309146881103516,14.768317222595215
1498,skove,49.12843704223633,1.690091848373413
1499,indenfor,48.869808197021484,0.31297799944877625
1500,time,50.566524505615234,-9.136677742004395
1501,indkomstelasticitet,36.799137115478516,22.13680648803711
1502,udgiftsniveau,52.6204833984375,-13.620945930480957
1503,undersøgelse,26.052839279174805,22.673583984375
1504,forbruger,47.91233825683594,1.3789819478988647
1505,fulde,50.00618362426758,-8.353645324707031
1506,statsejet,39.342227935791016,18.591154098510742
1507,kanukoka,25.84876251220703,23.791141510009766
1508,aspekt,49.82311248779297,-4.670274257659912
1509,arbejdsindkomst,41.554317474365234,12.999444961547852
1510,anføre,39.83338165283203,16.11978530883789
1511,bly,8.704866409301758,7.414289951324463
1512,sisa,33.992210388183594,22.80972671508789
1513,eksportindtægt,49.60043716430664,-6.026642322540283
1514,uundgåelig,30.876232147216797,23.567096710205078
1515,incitamentsproblem,35.24702072143555,21.658470153808594
1516,rejekvote,53.62788009643555,-15.228291511535645
1517,eksportere,35.154945373535156,18.35169219970703
1518,arbejdsudbud,53.678306579589844,-16.315500259399414
1519,forhindre,43.77029800415039,13.48552417755127
1520,råstofefterforskning,51.89395523071289,-13.16314697265625
1521,revalideringsforløb,16.174379348754883,17.7603702545166
1522,test,12.682633399963379,9.591054916381836
1523,miste,42.4229621887207,12.902812004089355
1524,redskab,13.826165199279785,15.40629768371582
1525,trintestresultat,46.35226058959961,6.788791179656982
1526,vidne,44.155826568603516,9.693975448608398
1527,efterskoleophold,45.28822326660156,9.216804504394531
1528,gennemslag,52.927879333496094,-14.593005180358887
1529,norsk,37.0162467956543,21.19212532043457
1530,the,2.976423978805542,-3.9051284790039062
1531,polit,5.016605377197266,-1.3231195211410522
